date,mean_temp_c,precipitation_mm,streamflow_cms,precip_lag1,precip_3day,precip_7day,temp_3day_mean,temp_7day_mean,streamflow_lag1,streamflow_lag3,streamflow_7day_mean,month,day_of_year,target_next_day_streamflow
2020-01-08,1.5,3.5,137.0,3.6,8.2,43.2,1.4000000000000001,2.7571428571428567,142.0,140.0,148.0,1,8,85.3
2020-01-09,0.6,3.4,85.3,3.5,10.5,35.800000000000004,1.2,2.5142857142857147,137.0,119.0,148.28571428571428,1,9,69.5
2020-01-10,0.1,4.685714285714286,69.5,3.4,11.585714285714285,25.485714285714288,0.7333333333333333,1.9428571428571428,85.3,142.0,141.18571428571428,1,10,61.2
2020-01-11,0.9,5.9714285714285715,61.2,4.685714285714286,14.057142857142857,25.457142857142856,0.5333333333333333,1.2857142857142858,69.5,137.0,132.4,1,11,56.3
2020-01-12,-1.3,7.257142857142858,56.3,5.9714285714285715,17.914285714285715,29.514285714285716,-0.10000000000000009,0.6428571428571429,61.2,85.3,107.71428571428571,1,12,61.7
2020-01-22,1.7,11.1,161.0,37.4,68.9,137.6,2.6666666666666665,-0.9285714285714283,167.0,41.9,72.2,1,22,182.0
2020-01-23,2.3,51.1,182.0,11.1,99.6,176.3,2.566666666666667,0.5714285714285715,161.0,106.0,87.55714285714285,1,23,270.0
2020-01-24,4.5,20.9,270.0,51.1,83.10000000000001,197.2,2.8333333333333335,1.8285714285714287,182.0,167.0,105.28571428571429,1,24,222.0
2020-01-25,4.0,2.8,222.0,20.9,74.80000000000001,173.0,3.6,2.8000000000000003,270.0,161.0,138.2,1,25,158.0
2020-01-26,5.3,11.9,158.0,2.8,35.60000000000001,155.6,4.6,3.442857142857143,222.0,182.0,164.27142857142857,1,26,166.0
2020-01-27,5.2,8.2,166.0,11.9,22.900000000000006,143.4,4.833333333333333,3.814285714285714,158.0,270.0,180.85714285714286,1,27,152.0
2020-01-28,4.2,7.5,152.0,8.2,27.600000000000005,113.5,4.9,3.8857142857142857,166.0,222.0,189.42857142857142,1,28,130.0
2020-01-29,4.0,31.6,130.0,7.5,47.30000000000001,134.0,4.466666666666667,4.214285714285714,152.0,158.0,187.28571428571428,1,29,116.0
2020-01-30,2.3,15.6,116.0,31.6,54.7,98.5,3.5,4.214285714285714,130.0,166.0,182.85714285714286,1,30,184.0
2020-01-31,6.6,115.0,184.0,15.6,162.2,192.6,4.3,4.514285714285714,116.0,152.0,173.42857142857142,1,31,628.0
2020-02-01,5.5,61.3,628.0,115.0,191.9,251.10000000000002,4.8,4.728571428571429,184.0,130.0,161.14285714285714,2,32,313.0
2020-02-02,0.2,2.9,313.0,61.3,179.20000000000002,242.1,4.1,4.0,628.0,116.0,219.14285714285714,2,33,197.0
2020-02-03,0.6,0.6,197.0,2.9,64.8,234.49999999999997,2.1,3.3428571428571425,313.0,184.0,241.28571428571428,2,34,126.0
2020-02-04,-0.9,4.1,126.0,0.6,7.6,231.10000000000002,-0.033333333333333326,2.6142857142857143,197.0,628.0,245.71428571428572,2,35,97.4
2020-02-05,0.6,7.6,97.4,4.1,12.299999999999999,207.1,0.09999999999999999,2.1285714285714286,126.0,313.0,242.0,2,36,82.5
2020-02-06,1.4,5.0,82.5,7.6,16.7,196.5,0.36666666666666664,2.0,97.4,197.0,237.34285714285716,2,37,73.9
2020-02-07,1.7,23.8,73.9,5.0,36.4,105.3,1.2333333333333334,1.3,82.5,126.0,232.55714285714288,2,38,78.6
2020-02-08,3.9,2.4,78.6,23.8,31.2,46.4,2.3333333333333335,1.0714285714285714,73.9,97.4,216.82857142857142,2,39,63.9
2020-02-09,1.8,0.0,63.9,2.4,26.200000000000003,43.5,2.4666666666666663,1.3,78.6,82.5,138.34285714285713,2,40,57.8
2020-02-10,2.3,0.0,57.8,0.0,2.4,42.9,2.6666666666666665,1.542857142857143,63.9,73.9,102.75714285714285,2,41,68.1
2020-02-11,2.6,0.0,68.1,0.0,0.0,38.8,2.233333333333333,2.042857142857143,57.8,78.6,82.87142857142858,2,42,76.3
2020-02-12,5.2,0.0,76.3,0.0,0.0,31.2,3.366666666666667,2.6999999999999997,68.1,63.9,74.60000000000001,2,43,69.3
2020-02-13,3.5,10.6,69.3,0.0,10.6,36.8,3.766666666666667,3.0,76.3,57.8,71.58571428571429,2,44,52.0
2020-02-14,5.8,0.6,52.0,10.6,11.2,13.6,4.833333333333333,3.585714285714286,69.3,68.1,69.7,2,45,47.8
2020-02-15,3.3,11.6,47.8,0.6,22.799999999999997,22.799999999999997,4.2,3.5,52.0,76.3,66.57142857142857,2,46,46.3
2020-02-16,3.8,0.0,46.3,11.6,12.2,22.799999999999997,4.3,3.785714285714285,47.8,69.3,62.171428571428564,2,47,43.4
2020-02-17,3.0,0.0,43.4,0.0,11.6,22.799999999999997,3.3666666666666667,3.8857142857142857,46.3,52.0,59.65714285714285,2,48,40.3
2020-02-18,2.9,0.0,40.3,0.0,0.0,22.799999999999997,3.233333333333333,3.9285714285714284,43.4,47.8,57.59999999999999,2,49,38.0
2020-02-19,3.4,0.0,38.0,0.0,0.0,22.799999999999997,3.1,3.6714285714285713,40.3,46.3,53.628571428571426,2,50,37.1
2020-02-20,4.2,0.0,37.1,0.0,0.0,12.2,3.5,3.7714285714285714,38.0,43.4,48.15714285714285,2,51,37.1
2020-02-21,4.0,0.8,37.1,0.0,0.8,12.4,3.8666666666666667,3.514285714285714,37.1,40.3,43.55714285714286,2,52,51.8
2020-02-22,5.1,11.4,51.8,0.8,12.200000000000001,12.200000000000001,4.433333333333333,3.7714285714285714,37.1,38.0,41.42857142857143,2,53,40.1
2020-02-23,2.7,19.2,40.1,11.4,31.4,31.4,3.9333333333333336,3.6142857142857143,51.8,37.1,42.0,2,54,42.0
2020-02-24,4.1,0.3,42.0,19.2,30.900000000000002,31.700000000000003,3.9666666666666663,3.7714285714285714,40.1,37.1,41.114285714285714,2,55,38.4
2020-02-25,2.2,1.5,38.4,0.3,21.0,33.2,3.0,3.6714285714285713,42.0,51.8,40.91428571428571,2,56,36.4
2020-02-26,5.1,0.6,36.4,1.5,2.4000000000000035,33.800000000000004,3.7999999999999994,3.914285714285714,38.4,40.1,40.642857142857146,2,57,36.4
2020-02-27,5.4,6.4,36.4,0.6,8.500000000000004,40.2,4.233333333333333,4.085714285714286,36.4,42.0,40.41428571428571,2,58,41.9
2020-02-28,5.2,18.8,41.9,6.4,25.800000000000004,58.2,5.233333333333333,4.257142857142857,36.4,38.4,40.31428571428571,2,59,60.9
2020-02-29,5.3,0.2,60.9,18.8,25.400000000000002,47.0,5.300000000000001,4.285714285714286,41.9,36.4,41.0,2,60,53.4
2020-03-01,1.8,0.0,53.4,0.2,19.000000000000004,27.800000000000004,4.1,4.1571428571428575,60.9,36.4,42.300000000000004,3,61,46.5
2020-03-02,4.1,6.6,46.5,0.0,6.800000000000003,34.1,3.733333333333333,4.157142857142857,53.4,41.9,44.199999999999996,3,62,44.2
2020-03-03,5.7,7.7,44.2,6.6,14.300000000000004,40.300000000000004,3.8666666666666667,4.6571428571428575,46.5,60.9,44.84285714285714,3,63,47.3
2020-03-04,5.9,0.5,47.3,7.7,14.800000000000004,40.2,5.233333333333333,4.771428571428571,44.2,53.4,45.67142857142857,3,64,48.8
2020-03-05,3.2,27.4,48.8,0.5,35.6,61.2,4.933333333333334,4.457142857142857,47.3,46.5,47.22857142857142,3,65,50.0
2020-03-06,4.4,0.0,50.0,27.4,27.900000000000002,42.400000000000006,4.5,4.3428571428571425,48.8,44.2,49.0,3,66,44.1
2020-03-07,1.2,0.8,44.1,0.0,28.200000000000003,43.0,2.9333333333333336,3.757142857142857,50.0,47.3,50.15714285714286,3,67,39.5
2020-03-08,3.4,0.0,39.5,0.8,0.8000000000000036,43.0,3.0,3.9857142857142853,44.1,48.8,47.75714285714285,3,68,37.0
2020-03-09,3.0,0.0,37.0,0.0,0.8000000000000036,36.4,2.533333333333333,3.8285714285714287,39.5,50.0,45.771428571428565,3,69,37.6
2020-03-10,1.8,32.8,37.6,0.0,32.8,61.5,2.733333333333333,3.271428571428572,37.0,44.1,44.41428571428571,3,70,37.8
2020-03-11,6.1,4.0,37.8,32.8,36.8,65.0,3.633333333333333,3.3,37.6,39.5,43.471428571428575,3,71,34.9
2020-03-12,2.6,0.0,34.9,4.0,36.8,37.6,3.5,3.2142857142857144,37.8,37.0,42.114285714285714,3,72,32.0
2020-03-13,3.9,0.4,32.0,0.0,4.4,38.0,4.199999999999999,3.142857142857143,34.9,37.6,40.128571428571426,3,73,28.9
2020-03-14,0.0,3.9,28.9,0.4,4.3,41.1,2.1666666666666665,2.971428571428571,32.0,37.8,37.55714285714286,3,74,28.9
2020-03-15,4.4,2.3,28.9,3.9,6.6,43.400000000000006,2.766666666666667,3.1142857142857143,28.9,34.9,35.385714285714286,3,75,30.7
2020-03-16,8.1,0.0,30.7,2.3,6.199999999999999,43.400000000000006,4.166666666666667,3.8428571428571425,28.9,32.0,33.871428571428574,3,76,29.5
2020-03-17,6.5,0.0,29.5,0.0,2.3,10.600000000000007,6.333333333333333,4.514285714285714,30.7,28.9,32.97142857142857,3,77,30.2
2020-03-18,8.1,0.0,30.2,0.0,0.0,6.600000000000007,7.566666666666666,4.8,29.5,28.9,31.814285714285713,3,78,32.1
2020-03-19,6.7,0.0,32.1,0.0,0.0,6.600000000000007,7.1000000000000005,5.385714285714285,30.2,30.7,30.728571428571424,3,79,35.1
2020-03-20,6.5,0.0,35.1,0.0,0.0,6.200000000000006,7.1000000000000005,5.757142857142857,32.1,29.5,30.32857142857143,3,80,39.8
2020-03-21,6.7,0.0,39.8,0.0,0.0,2.300000000000007,6.633333333333333,6.714285714285714,35.1,30.2,30.771428571428572,3,81,46.2
2020-03-22,5.6,0.0,46.2,0.0,0.0,0.0,6.266666666666667,6.885714285714286,39.8,32.1,32.32857142857143,3,82,47.3
2020-03-23,7.4,4.7,47.3,0.0,4.7,4.700000000000007,6.566666666666667,6.785714285714286,46.2,35.1,34.8,3,83,44.8
2020-03-24,6.4,3.5,44.8,4.7,8.2,8.200000000000006,6.466666666666666,6.771428571428571,47.3,39.8,37.17142857142857,3,84,41.5
2020-03-25,6.1,0.0,41.5,3.5,8.2,8.200000000000006,6.633333333333333,6.485714285714286,44.8,46.2,39.357142857142854,3,85,40.0
2020-03-26,3.2,0.2,40.0,0.0,3.7,8.400000000000007,5.233333333333333,5.985714285714287,41.5,47.3,40.971428571428575,3,86,39.4
2020-03-27,6.7,2.9,39.4,0.2,3.1,11.300000000000008,5.333333333333333,6.014285714285714,40.0,44.8,42.1,3,87,46.8
2020-03-28,6.9,54.9,46.8,2.9,58.0,66.2,5.6000000000000005,6.042857142857143,39.4,41.5,42.714285714285715,3,88,113.0
2020-03-29,8.7,14.0,113.0,54.9,71.8,80.20000000000002,7.433333333333334,6.485714285714286,46.8,40.0,43.714285714285715,3,89,104.0
2020-03-30,5.6,29.2,104.0,14.0,98.10000000000001,104.7,7.066666666666666,6.228571428571429,113.0,39.4,53.25714285714285,3,90,82.5
2020-03-31,5.4,3.6,82.5,29.2,46.8,104.80000000000001,6.566666666666666,6.085714285714286,104.0,46.8,61.357142857142854,3,91,79.5
2020-04-01,5.4,0.2,79.5,3.6,33.0,105.0,5.466666666666666,5.985714285714286,82.5,113.0,66.74285714285715,4,92,69.6
2020-04-02,4.8,0.0,69.6,0.2,3.8000000000000003,104.8,5.2,6.214285714285714,79.5,104.0,72.17142857142856,4,93,60.4
2020-04-03,5.8,1.3,60.4,0.0,1.5,103.20000000000002,5.333333333333333,6.085714285714286,69.6,82.5,76.39999999999999,4,94,44.5
2020-04-04,5.3,0.0,44.5,1.3,1.3,48.30000000000001,5.3,5.857142857142857,60.4,79.5,79.39999999999999,4,95,40.9
2020-04-05,6.7,0.0,40.9,0.0,1.3,34.30000000000001,5.933333333333333,5.571428571428571,44.5,69.6,79.07142857142857,4,96,39.0
2020-04-06,6.9,0.3,39.0,0.0,0.3,5.400000000000015,6.3,5.757142857142857,40.9,60.4,68.77142857142857,4,97,39.1
2020-04-07,8.5,0.2,39.1,0.3,0.5,2.000000000000014,7.366666666666667,6.2,39.0,44.5,59.48571428571428,4,98,43.9
2020-04-08,8.6,0.1,43.9,0.2,0.6,1.9000000000000143,8.0,6.6571428571428575,39.1,40.9,53.285714285714285,4,99,53.1
2020-04-09,9.6,0.0,53.1,0.1,0.30000000000000004,1.9000000000000143,8.9,7.3428571428571425,43.9,39.0,48.199999999999996,4,100,79.2
2020-04-10,9.9,0.0,79.2,0.0,0.1,0.6000000000000142,9.366666666666667,7.928571428571429,53.1,39.1,45.84285714285714,4,101,114.0
2020-04-11,10.7,0.5,114.0,0.0,0.5,1.1000000000000143,10.066666666666666,8.700000000000001,79.2,43.9,48.528571428571425,4,102,96.6
2020-04-12,9.0,0.0,96.6,0.5,0.5,1.1000000000000143,9.866666666666667,9.028571428571428,114.0,53.1,58.457142857142856,4,103,81.7
2020-04-13,8.3,0.0,81.7,0.0,0.5,0.8000000000000141,9.333333333333334,9.228571428571428,96.6,79.2,66.41428571428571,4,104,77.9
2020-04-14,9.4,0.0,77.9,0.0,0.0,0.6000000000000142,8.9,9.357142857142858,81.7,114.0,72.51428571428572,4,105,96.6
2020-04-15,12.1,0.0,96.6,0.0,0.0,0.5000000000000142,9.933333333333334,9.857142857142858,77.9,96.6,78.05714285714285,4,106,165.0
2020-04-16,11.7,0.1,165.0,0.0,0.1,0.6000000000000142,11.066666666666668,10.157142857142857,96.6,81.7,85.58571428571429,4,107,159.0
2020-04-17,10.9,0.0,159.0,0.1,0.1,0.6000000000000142,11.566666666666668,10.299999999999999,165.0,77.9,101.57142857142857,4,108,191.0
2020-04-18,13.4,0.2,191.0,0.0,0.30000000000000004,0.30000000000001426,12.0,10.685714285714285,159.0,96.6,112.97142857142856,4,109,204.0
2020-04-19,12.4,0.0,204.0,0.2,0.2,0.30000000000001426,12.233333333333334,11.171428571428573,191.0,165.0,123.97142857142856,4,110,242.0
2020-04-20,11.9,0.0,242.0,0.0,0.2,0.30000000000001426,12.566666666666668,11.685714285714285,204.0,159.0,139.31428571428572,4,111,240.0
2020-04-21,11.0,0.5,240.0,0.0,0.5,0.8000000000000143,11.766666666666666,11.914285714285713,242.0,191.0,162.21428571428572,4,112,232.0
2020-04-22,11.5,1.7,232.0,0.5,2.2,2.500000000000014,11.466666666666669,11.828571428571427,240.0,204.0,185.37142857142857,4,113,243.0
2020-04-23,12.5,0.0,243.0,1.7,2.2,2.400000000000014,11.666666666666666,11.942857142857141,232.0,242.0,204.71428571428572,4,114,232.0
2020-04-24,12.0,0.0,232.0,0.0,1.7,2.400000000000014,12.0,12.1,243.0,240.0,215.85714285714286,4,115,250.0
2020-04-25,11.3,28.2,250.0,0.0,28.2,30.400000000000013,11.933333333333332,11.799999999999999,232.0,232.0,226.28571428571428,4,116,257.0
2020-04-26,10.3,1.4,257.0,28.2,29.599999999999998,31.80000000000001,11.200000000000001,11.5,250.0,243.0,234.71428571428572,4,117,220.0
2020-04-27,10.1,18.6,220.0,1.4,48.2,50.40000000000001,10.566666666666668,11.242857142857144,257.0,232.0,242.28571428571428,4,118,227.0
2020-04-28,7.5,1.4,227.0,18.6,21.4,51.30000000000001,9.299999999999999,10.742857142857144,220.0,250.0,239.14285714285714,4,119,204.0
2020-04-29,8.8,4.0,204.0,1.4,24.0,53.60000000000001,8.799999999999999,10.357142857142858,227.0,257.0,237.28571428571428,4,120,271.0
2020-04-30,9.033333333333333,10.033333333333335,271.0,4.0,15.433333333333335,63.63333333333335,8.444444444444445,9.861904761904762,204.0,220.0,233.28571428571428,4,121,286.0
2020-05-01,9.266666666666667,16.06666666666667,286.0,10.033333333333335,30.100000000000005,79.70000000000002,9.033333333333333,9.471428571428573,271.0,227.0,237.28571428571428,5,122,286.0
2020-05-02,9.5,22.1,286.0,16.06666666666667,48.2,73.60000000000002,9.266666666666666,9.214285714285714,286.0,204.0,245.0,5,123,332.0
2020-05-03,8.8,2.5,332.0,22.1,40.66666666666667,74.70000000000002,9.18888888888889,9.000000000000002,286.0,271.0,250.14285714285714,5,124,255.0
2020-05-04,9.2,4.5,255.0,2.5,29.1,60.60000000000002,9.166666666666666,8.871428571428572,332.0,286.0,260.85714285714283,5,125,221.0
2020-05-05,13.5,7.6,221.0,4.5,14.6,66.80000000000003,10.5,9.72857142857143,255.0,286.0,265.85714285714283,5,126,254.0
2020-05-06,11.6,10.2,254.0,7.6,22.299999999999997,73.00000000000003,11.433333333333332,10.12857142857143,221.0,332.0,265.0,5,127,260.0
2020-05-07,12.1,0.0,260.0,10.2,17.799999999999997,62.96666666666668,12.4,10.566666666666666,254.0,255.0,272.14285714285717,5,128,271.0
2020-05-08,16.5,0.0,271.0,0.0,10.2,46.90000000000001,13.4,11.6,260.0,221.0,270.57142857142856,5,129,358.0
2020-05-09,19.1,0.0,358.0,0.0,0.0,24.80000000000001,15.9,12.971428571428573,271.0,254.0,268.42857142857144,5,130,489.0
2020-05-10,20.1,0.0,489.0,0.0,0.0,22.30000000000001,18.566666666666666,14.585714285714287,358.0,260.0,278.7142857142857,5,131,565.0
2020-05-11,21.1,0.0,565.0,0.0,0.0,17.80000000000001,20.1,16.285714285714285,489.0,271.0,301.14285714285717,5,132,535.0
2020-05-12,15.2,0.9,535.0,0.0,0.9,11.100000000000014,18.8,16.52857142857143,565.0,358.0,345.42857142857144,5,133,477.0
2020-05-13,14.5,7.4,477.0,0.9,8.3,8.300000000000015,16.933333333333334,16.942857142857143,535.0,489.0,390.2857142857143,5,134,432.0
2020-05-14,13.5,0.2,432.0,7.4,8.5,8.500000000000014,14.4,17.142857142857142,477.0,565.0,422.14285714285717,5,135,379.0
2020-05-15,14.6,0.0,379.0,0.2,7.6000000000000005,8.500000000000014,14.200000000000001,16.871428571428574,432.0,535.0,446.7142857142857,5,136,341.0
2020-05-16,10.3,15.0,341.0,0.0,15.2,23.500000000000014,12.799999999999999,15.614285714285714,379.0,477.0,462.14285714285717,5,137,433.0
2020-05-17,13.9,14.5,433.0,15.0,29.5,38.000000000000014,12.933333333333332,14.728571428571428,341.0,432.0,459.7142857142857,5,138,429.0
2020-05-18,14.3,0.0,429.0,14.5,29.5,38.000000000000014,12.833333333333334,13.757142857142858,433.0,379.0,451.7142857142857,5,139,409.0
2020-05-19,14.1,0.0,409.0,0.0,14.5,37.100000000000016,14.100000000000001,13.6,429.0,341.0,432.2857142857143,5,140,455.0
2020-05-20,14.6,0.0,455.0,0.0,0.0,29.700000000000014,14.333333333333334,13.614285714285716,409.0,433.0,414.2857142857143,5,141,460.0
2020-05-21,12.6,1.1,460.0,0.0,1.1,30.600000000000016,13.766666666666666,13.485714285714286,455.0,429.0,411.14285714285717,5,142,384.0
2020-05-22,12.5,0.0,384.0,1.1,1.1,30.600000000000016,13.233333333333333,13.185714285714285,460.0,409.0,415.14285714285717,5,143,340.0
2020-05-23,12.3,0.0,340.0,0.0,1.1,15.600000000000014,12.466666666666667,13.471428571428572,384.0,455.0,415.85714285714283,5,144,344.0
2020-05-24,14.5,0.6,344.0,0.0,0.6,1.7000000000000144,13.1,13.557142857142859,340.0,460.0,415.7142857142857,5,145,425.0
2020-05-25,13.7,12.2,425.0,0.6,12.799999999999999,13.900000000000013,13.5,13.471428571428572,344.0,384.0,403.0,5,146,494.0
2020-05-26,14.8,0.1,494.0,12.2,12.899999999999999,14.000000000000012,14.333333333333334,13.571428571428571,425.0,340.0,402.42857142857144,5,147,472.0
2020-05-27,14.2,0.0,472.0,0.1,12.299999999999999,14.000000000000012,14.233333333333334,13.514285714285716,494.0,344.0,414.57142857142856,5,148,430.0
2020-05-28,18.7,0.0,430.0,0.0,0.1,12.900000000000013,15.899999999999999,14.385714285714284,472.0,425.0,417.0,5,149,507.0
2020-05-29,17.6,0.1,507.0,0.0,0.1,13.000000000000012,16.833333333333332,15.114285714285714,430.0,494.0,412.7142857142857,5,150,583.0
2020-05-30,15.0,1.5,583.0,0.1,1.6,14.500000000000012,17.099999999999998,15.5,507.0,472.0,430.2857142857143,5,151,560.0
2020-05-31,14.5,0.0,560.0,1.5,1.6,13.900000000000013,15.700000000000001,15.5,583.0,430.0,465.0,5,152,482.0
2020-06-01,13.4,0.0,482.0,0.0,1.5,1.7000000000000142,14.299999999999999,15.457142857142857,560.0,507.0,495.85714285714283,6,153,409.0
2020-06-02,10.1,6.8,409.0,0.0,6.8,8.400000000000015,12.666666666666666,14.785714285714286,482.0,583.0,504.0,6,154,369.0
2020-06-03,12.9,0.0,369.0,6.8,6.8,8.400000000000013,12.133333333333333,14.6,409.0,560.0,491.85714285714283,6,155,309.0
2020-06-04,13.6,0.0,309.0,0.0,6.8,8.400000000000013,12.200000000000001,13.87142857142857,369.0,482.0,477.14285714285717,6,156,280.0
2020-06-05,14.4,0.0,280.0,0.0,0.0,8.300000000000015,13.633333333333333,13.414285714285715,309.0,409.0,459.85714285714283,6,157,324.0
2020-06-06,13.1,1.3,324.0,0.0,1.3,8.100000000000014,13.700000000000001,13.142857142857142,280.0,369.0,427.42857142857144,6,158,312.0
2020-06-07,12.8,0.0,312.0,1.3,1.3,8.100000000000014,13.433333333333332,12.9,324.0,309.0,390.42857142857144,6,159,302.0
2020-06-08,11.4,0.8,302.0,0.0,2.1,8.900000000000015,12.433333333333335,12.614285714285714,312.0,280.0,355.0,6,160,255.0
2020-06-09,10.7,5.6,255.0,0.8,6.3999999999999995,7.700000000000014,11.633333333333333,12.700000000000001,302.0,324.0,329.2857142857143,6,161,237.0
2020-06-10,15.9,0.3,237.0,5.6,6.699999999999999,8.000000000000014,12.666666666666666,13.128571428571428,255.0,312.0,307.2857142857143,6,162,347.0
2020-06-11,14.3,6.6,347.0,0.3,12.5,14.600000000000014,13.633333333333335,13.228571428571428,237.0,302.0,288.42857142857144,6,163,458.0
2020-06-12,13.9,11.0,458.0,6.6,17.9,25.600000000000016,14.700000000000001,13.157142857142857,347.0,255.0,293.85714285714283,6,164,454.0
2020-06-13,13.0,0.5,454.0,11.0,18.1,24.80000000000001,13.733333333333334,13.142857142857142,458.0,237.0,319.2857142857143,6,165,370.0
2020-06-14,13.5,0.9,370.0,0.5,12.400000000000002,25.700000000000014,13.466666666666667,13.242857142857144,454.0,347.0,337.85714285714283,6,166,346.0
2020-06-15,11.8,5.4,346.0,0.9,6.8000000000000025,30.30000000000001,12.766666666666667,13.299999999999999,370.0,458.0,346.14285714285717,6,167,311.0
2020-06-16,15.1,0.0,311.0,5.4,6.3000000000000025,24.700000000000017,13.466666666666669,13.928571428571429,346.0,454.0,352.42857142857144,6,168,343.0
2020-06-17,15.3,0.0,343.0,0.0,5.400000000000002,24.400000000000013,14.066666666666668,13.842857142857143,311.0,370.0,360.42857142857144,6,169,397.0
2020-06-18,16.8,0.0,397.0,0.0,0.0,17.80000000000002,15.733333333333334,14.2,343.0,346.0,375.57142857142856,6,170,451.0
2020-06-19,17.8,0.9,451.0,0.0,0.9000000000000018,7.700000000000017,16.633333333333336,14.757142857142858,397.0,311.0,382.7142857142857,6,171,715.0
2020-06-20,18.0,11.2,715.0,0.9,12.100000000000001,18.400000000000016,17.533333333333335,15.471428571428573,451.0,343.0,381.7142857142857,6,172,716.0
2020-06-21,17.3,3.2,716.0,11.2,15.3,20.700000000000017,17.7,16.014285714285716,715.0,397.0,419.0,6,173,606.0
2020-06-22,14.3,0.0,606.0,3.2,14.400000000000002,15.300000000000015,16.533333333333335,16.371428571428574,716.0,451.0,468.42857142857144,6,174,748.0
2020-06-23,19.6,3.2,748.0,0.0,6.400000000000002,18.500000000000014,17.066666666666666,17.014285714285712,606.0,715.0,505.57142857142856,6,175,933.0
2020-06-24,18.0,25.0,933.0,3.2,28.200000000000003,43.500000000000014,17.3,17.400000000000002,748.0,716.0,568.0,6,176,749.0
2020-06-25,19.9,0.0,749.0,25.0,28.200000000000003,43.500000000000014,19.166666666666668,17.842857142857145,933.0,606.0,652.2857142857143,6,177,680.0
2020-06-26,17.5,0.7,680.0,0.0,25.700000000000003,43.30000000000002,18.466666666666665,17.8,749.0,748.0,702.5714285714286,6,178,626.0
2020-06-27,17.4,1.4,626.0,0.7,2.100000000000003,33.500000000000014,18.266666666666666,17.714285714285715,680.0,933.0,735.2857142857143,6,179,527.0
2020-06-28,16.4,1.7,527.0,1.4,3.8000000000000034,32.000000000000014,17.099999999999998,17.585714285714285,626.0,749.0,722.5714285714286,6,180,482.0
2020-06-29,17.1,0.0,482.0,1.7,3.100000000000003,32.000000000000014,16.966666666666665,17.985714285714288,527.0,680.0,695.5714285714286,6,181,479.0
2020-06-30,15.7,6.1,479.0,0.0,7.800000000000003,34.90000000000001,16.400000000000002,17.428571428571427,482.0,626.0,677.8571428571429,6,182,467.0
2020-07-01,13.2,2.9,467.0,6.1,9.000000000000004,12.800000000000013,15.333333333333334,16.742857142857144,479.0,527.0,639.4285714285714,7,183,417.0
2020-07-02,13.5,0.5,417.0,2.9,9.500000000000004,13.300000000000013,14.133333333333333,15.828571428571427,467.0,482.0,572.8571428571429,7,184,409.0
2020-07-03,13.5,11.7,409.0,0.5,15.100000000000003,24.30000000000001,13.4,15.257142857142856,417.0,479.0,525.4285714285714,7,185,302.0
2020-07-04,15.0,0.0,302.0,11.7,12.200000000000003,22.900000000000013,14.0,14.914285714285715,409.0,467.0,486.7142857142857,7,186,257.0
2020-07-05,15.4,0.0,257.0,0.0,11.700000000000003,21.20000000000001,14.633333333333333,14.771428571428572,302.0,417.0,440.42857142857144,7,187,295.0
2020-07-06,16.0,0.0,295.0,0.0,0.0,21.20000000000001,15.466666666666667,14.614285714285716,257.0,409.0,401.85714285714283,7,188,341.0
2020-07-07,15.3,0.1,341.0,0.0,0.10000000000000356,15.200000000000014,15.566666666666668,14.557142857142859,295.0,302.0,375.14285714285717,7,189,375.0
2020-07-08,16.2,0.2,375.0,0.1,0.3000000000000036,12.500000000000014,15.833333333333334,14.985714285714286,341.0,257.0,355.42857142857144,7,190,378.0
2020-07-09,16.9,1.7,378.0,0.2,2.0000000000000036,13.700000000000014,16.133333333333333,15.471428571428572,375.0,295.0,342.2857142857143,7,191,410.0
2020-07-10,16.8,0.0,410.0,1.7,1.9000000000000035,2.000000000000014,16.63333333333333,15.942857142857141,378.0,341.0,336.7142857142857,7,192,381.0
2020-07-11,13.9,5.1,381.0,0.0,6.800000000000003,7.100000000000014,15.866666666666667,15.785714285714286,410.0,375.0,336.85714285714283,7,193,486.0
2020-07-12,16.0,0.9,486.0,5.1,6.0000000000000036,8.000000000000014,15.566666666666668,15.87142857142857,381.0,378.0,348.14285714285717,7,194,382.0
2020-07-13,15.6,0.0,382.0,0.9,6.0000000000000036,8.000000000000014,15.166666666666666,15.814285714285713,486.0,410.0,380.85714285714283,7,195,328.0
2020-07-14,17.3,0.0,328.0,0.0,0.9000000000000036,7.900000000000015,16.3,16.099999999999998,382.0,381.0,393.2857142857143,7,196,390.0
2020-07-15,19.1,0.0,390.0,0.0,0.0,7.700000000000014,17.333333333333332,16.514285714285716,328.0,486.0,391.42857142857144,7,197,527.0
2020-07-16,18.4,1.6,527.0,0.0,1.6000000000000036,7.600000000000014,18.266666666666666,16.728571428571428,390.0,382.0,393.57142857142856,7,198,524.0
2020-07-17,18.5,0.6,524.0,1.6,2.2000000000000037,8.200000000000014,18.666666666666668,16.97142857142857,527.0,328.0,414.85714285714283,7,199,489.0
2020-07-18,19.6,0.0,489.0,0.6,2.2000000000000037,3.1000000000000143,18.833333333333332,17.785714285714285,524.0,390.0,431.14285714285717,7,200,478.0
2020-07-19,19.8,0.0,478.0,0.0,0.6000000000000035,2.2000000000000144,19.3,18.32857142857143,489.0,527.0,446.57142857142856,7,201,493.0
2020-07-20,22.4,0.0,493.0,0.0,0.0,2.2000000000000144,20.6,19.3,478.0,524.0,445.42857142857144,7,202,520.0
2020-07-21,22.1,0.0,520.0,0.0,0.0,2.2000000000000144,21.433333333333337,19.985714285714288,493.0,489.0,461.2857142857143,7,203,521.0
2020-07-22,20.4,0.2,521.0,0.0,0.20000000000000356,2.400000000000014,21.633333333333336,20.17142857142857,520.0,478.0,488.7142857142857,7,204,480.0
2020-07-23,19.4,0.0,480.0,0.2,0.20000000000000356,0.8000000000000143,20.633333333333333,20.314285714285713,521.0,493.0,507.42857142857144,7,205,418.0
2020-07-24,17.3,2.8,418.0,0.0,3.0000000000000036,3.000000000000014,19.03333333333333,20.142857142857142,480.0,520.0,500.7142857142857,7,206,359.0
2020-07-25,17.6,0.0,359.0,2.8,2.8000000000000034,3.000000000000014,18.100000000000005,19.857142857142858,418.0,521.0,485.57142857142856,7,207,339.0
2020-07-26,20.6,0.0,339.0,0.0,2.8000000000000034,3.000000000000014,18.5,19.97142857142857,359.0,480.0,467.0,7,208,408.0
2020-07-27,22.9,0.0,408.0,0.0,0.0,3.000000000000014,20.36666666666667,20.042857142857144,339.0,418.0,447.14285714285717,7,209,470.0
2020-07-28,19.8,0.0,470.0,0.0,0.0,3.000000000000014,21.1,19.714285714285715,408.0,359.0,435.0,7,210,374.0
2020-07-29,20.5,0.0,374.0,0.0,0.0,2.800000000000014,21.066666666666666,19.728571428571428,470.0,339.0,427.85714285714283,7,211,352.0
2020-07-30,22.4,0.0,352.0,0.0,0.0,2.800000000000014,20.900000000000002,20.157142857142855,374.0,408.0,406.85714285714283,7,212,416.0
2020-07-31,20.6,0.3,416.0,0.0,0.30000000000000354,0.3000000000000142,21.166666666666668,20.62857142857143,352.0,470.0,388.57142857142856,7,213,444.0
2020-08-01,19.7,0.0,444.0,0.3,0.30000000000000354,0.3000000000000142,20.900000000000002,20.928571428571427,416.0,374.0,388.2857142857143,8,214,397.0
2020-08-02,19.7,0.0,397.0,0.0,0.30000000000000354,0.3000000000000142,20.000000000000004,20.8,444.0,352.0,400.42857142857144,8,215,370.0
2020-08-03,19.7,0.0,370.0,0.0,0.0,0.3000000000000142,19.7,20.342857142857145,397.0,416.0,408.7142857142857,8,216,328.0
2020-08-04,21.1,0.0,328.0,0.0,0.0,0.3000000000000142,20.166666666666668,20.52857142857143,370.0,444.0,403.2857142857143,8,217,338.0
2020-08-05,20.6,0.0,338.0,0.0,0.0,0.3000000000000142,20.46666666666667,20.542857142857144,328.0,397.0,383.0,8,218,416.0
2020-08-06,17.7,12.7,416.0,0.0,12.700000000000003,13.000000000000014,19.8,19.87142857142857,338.0,370.0,377.85714285714283,8,219,386.0
2020-08-07,16.1,1.3,386.0,12.7,14.000000000000004,14.000000000000014,18.133333333333336,19.228571428571428,416.0,328.0,387.0,8,220,291.0
2020-08-08,17.8,0.0,291.0,1.3,14.000000000000004,14.000000000000014,17.200000000000003,18.957142857142856,386.0,338.0,382.7142857142857,8,221,248.0
2020-08-09,16.9,0.0,248.0,0.0,1.3000000000000036,14.000000000000014,16.933333333333334,18.557142857142857,291.0,416.0,360.85714285714283,8,222,282.0
2020-08-10,18.6,0.0,282.0,0.0,0.0,14.000000000000014,17.76666666666667,18.400000000000002,248.0,386.0,339.57142857142856,8,223,290.0
2020-08-11,16.9,0.0,290.0,0.0,0.0,14.000000000000014,17.46666666666667,17.8,282.0,291.0,327.0,8,224,222.0
2020-08-12,15.3,0.0,222.0,0.0,0.0,14.000000000000014,16.933333333333334,17.042857142857144,290.0,248.0,321.57142857142856,8,225,176.0
2020-08-13,15.2,0.0,176.0,0.0,0.0,1.3000000000000143,15.800000000000002,16.685714285714287,222.0,282.0,305.0,8,226,176.0
2020-08-14,16.9,0.0,176.0,0.0,0.0,0.0,15.800000000000002,16.8,176.0,290.0,270.7142857142857,8,227,225.0
2020-08-15,19.5,0.0,225.0,0.0,0.0,0.0,17.200000000000003,17.04285714285714,176.0,222.0,240.71428571428572,8,228,271.0
2020-08-16,23.1,0.0,271.0,0.0,0.0,0.0,19.833333333333332,17.928571428571427,225.0,176.0,231.28571428571428,8,229,356.0
2020-08-17,24.0,0.5,356.0,0.0,0.5000000000000036,0.5000000000000142,22.200000000000003,18.7,271.0,176.0,234.57142857142858,8,230,368.0
2020-08-18,20.2,0.0,368.0,0.5,0.5000000000000036,0.5000000000000142,22.433333333333337,19.17142857142857,356.0,225.0,245.14285714285714,8,231,318.0
2020-08-19,19.1,0.0,318.0,0.0,0.5000000000000036,0.5000000000000142,21.1,19.714285714285715,368.0,271.0,256.2857142857143,8,232,391.0
2020-08-20,17.7,28.7,391.0,0.0,28.700000000000003,29.200000000000014,19.0,20.071428571428573,318.0,356.0,270.0,8,233,970.0
2020-08-21,16.7,45.2,970.0,28.7,73.9,74.40000000000002,17.833333333333332,20.042857142857144,391.0,368.0,300.7142857142857,8,234,699.0
2020-08-22,17.2,0.2,699.0,45.2,74.10000000000001,74.60000000000002,17.200000000000003,19.714285714285715,970.0,318.0,414.14285714285717,8,235,319.0
2020-08-23,16.1,0.0,319.0,0.2,45.400000000000006,74.60000000000002,16.666666666666668,18.714285714285715,699.0,391.0,481.85714285714283,8,236,238.0
2020-08-24,18.2,0.0,238.0,0.0,0.2,74.10000000000002,17.166666666666668,17.885714285714286,319.0,970.0,488.7142857142857,8,237,217.0
2020-08-25,16.5,0.0,217.0,0.0,0.0,74.10000000000002,16.933333333333334,17.357142857142858,238.0,699.0,471.85714285714283,8,238,199.0
2020-08-26,16.4,0.0,199.0,0.0,0.0,74.10000000000002,17.033333333333335,16.97142857142857,217.0,319.0,450.2857142857143,8,239,185.0
2020-08-27,16.9,0.0,185.0,0.0,0.0,45.40000000000002,16.6,16.857142857142854,199.0,238.0,433.2857142857143,8,240,175.0
2020-08-28,17.6,0.0,175.0,0.0,0.0,0.20000000000001422,16.966666666666665,16.985714285714288,185.0,217.0,403.85714285714283,8,241,183.0
2020-08-29,16.4,0.0,183.0,0.0,0.0,0.0,16.966666666666665,16.87142857142857,175.0,199.0,290.2857142857143,8,242,165.0
2020-08-30,13.5,0.0,165.0,0.0,0.0,0.0,15.833333333333334,16.5,183.0,185.0,216.57142857142858,8,243,148.0
2020-08-31,15.5,0.0,148.0,0.0,0.0,0.0,15.133333333333335,16.114285714285714,165.0,175.0,194.57142857142858,8,244,202.0
2020-09-01,17.6,0.0,202.0,0.0,0.0,0.0,15.533333333333337,16.271428571428572,148.0,183.0,181.71428571428572,9,245,355.0
2020-09-02,19.2,0.1,355.0,0.0,0.1,0.10000000000001422,17.433333333333334,16.67142857142857,202.0,165.0,179.57142857142858,9,246,323.0
2020-09-03,18.0,0.0,323.0,0.1,0.1,0.10000000000001422,18.26666666666667,16.82857142857143,355.0,148.0,201.85714285714286,9,247,326.0
2020-09-04,20.6,0.0,326.0,0.0,0.1,0.10000000000001422,19.26666666666667,17.257142857142856,323.0,202.0,221.57142857142858,9,248,274.0
2020-09-05,17.2,0.0,274.0,0.0,0.0,0.10000000000001422,18.600000000000005,17.371428571428574,326.0,355.0,243.14285714285714,9,249,269.0
2020-09-06,19.1,0.0,269.0,0.0,0.0,0.10000000000001422,18.96666666666667,18.17142857142857,274.0,323.0,256.14285714285717,9,250,301.0
2020-09-07,20.5,0.0,301.0,0.0,0.0,0.10000000000001422,18.933333333333334,18.88571428571429,269.0,326.0,271.0,9,251,221.0
2020-09-08,18.6,0.0,221.0,0.0,0.0,0.10000000000001422,19.400000000000002,19.02857142857143,301.0,274.0,292.85714285714283,9,252,257.0
2020-09-09,20.3,0.0,257.0,0.0,0.0,0.0,19.8,19.185714285714287,221.0,269.0,295.57142857142856,9,253,265.0
2020-09-10,21.9,0.0,265.0,0.0,0.0,0.0,20.26666666666667,19.742857142857144,257.0,301.0,281.57142857142856,9,254,290.0
2020-09-11,19.2,0.0,290.0,0.0,0.0,0.0,20.46666666666667,19.542857142857144,265.0,221.0,273.2857142857143,9,255,277.0
2020-09-12,15.5,0.0,277.0,0.0,0.0,0.0,18.86666666666667,19.3,290.0,257.0,268.14285714285717,9,256,248.0
2020-09-13,13.5,0.0,248.0,0.0,0.0,0.0,16.066666666666666,18.5,277.0,265.0,268.57142857142856,9,257,175.0
2020-09-14,14.5,2.1,175.0,0.0,2.1,2.1000000000000143,14.5,17.642857142857142,248.0,290.0,265.57142857142856,9,258,215.0
2020-09-15,18.3,1.1,215.0,2.1,3.2,3.2000000000000144,15.433333333333335,17.599999999999998,175.0,277.0,247.57142857142858,9,259,272.0
2020-09-16,19.9,0.0,272.0,1.1,3.2,3.2000000000000144,17.566666666666666,17.54285714285714,215.0,248.0,246.71428571428572,9,260,289.0
2020-09-17,17.7,0.0,289.0,0.0,1.1,3.2000000000000144,18.633333333333336,16.942857142857143,272.0,175.0,248.85714285714286,9,261,270.0
2020-09-18,15.4,0.0,270.0,0.0,0.0,3.2000000000000144,17.666666666666668,16.4,289.0,215.0,252.28571428571428,9,262,304.0
2020-09-19,16.0,2.8,304.0,0.0,2.8,6.000000000000014,16.36666666666667,16.47142857142857,270.0,272.0,249.42857142857142,9,263,266.0
2020-09-20,16.2,0.0,266.0,2.8,2.8,6.000000000000014,15.866666666666667,16.857142857142858,304.0,289.0,253.28571428571428,9,264,230.0
2020-09-21,14.8,1.1,230.0,0.0,3.9,5.000000000000014,15.666666666666666,16.900000000000002,266.0,270.0,255.85714285714286,9,265,233.0
2020-09-22,17.2,1.4,233.0,1.1,2.5,5.300000000000014,16.066666666666666,16.74285714285714,230.0,304.0,263.7142857142857,9,266,479.0
2020-09-23,14.6,89.1,479.0,1.4,91.6,94.4,15.533333333333333,15.985714285714286,233.0,266.0,266.2857142857143,9,267,779.0
2020-09-24,13.9,66.1,779.0,89.1,156.6,160.5,15.233333333333334,15.442857142857141,479.0,230.0,295.85714285714283,9,268,1030.0
2020-09-25,14.3,50.0,1030.0,66.1,205.2,210.5,14.266666666666667,15.285714285714286,779.0,233.0,365.85714285714283,9,269,533.0
2020-09-26,12.0,2.3,533.0,50.0,118.39999999999999,210.0,13.4,14.714285714285714,1030.0,479.0,474.42857142857144,9,270,288.0
2020-09-27,13.0,0.0,288.0,2.3,52.3,210.0,13.100000000000001,14.257142857142858,533.0,779.0,507.14285714285717,9,271,225.0
2020-09-28,14.4,0.0,225.0,0.0,2.3,208.9,13.133333333333335,14.2,288.0,1030.0,510.2857142857143,9,272,252.0
2020-09-29,18.6,0.0,252.0,0.0,0.0,207.5,15.333333333333336,14.400000000000002,225.0,533.0,509.57142857142856,9,273,233.0
2020-09-30,18.5,0.0,233.0,0.0,0.0,118.4,17.166666666666668,14.957142857142856,252.0,288.0,512.2857142857143,9,274,217.0
2020-10-01,16.6,0.0,217.0,0.0,0.0,52.30000000000001,17.900000000000002,15.342857142857143,233.0,225.0,477.14285714285717,10,275,209.0
2020-10-02,17.7,0.0,209.0,0.0,0.0,2.300000000000014,17.600000000000005,15.828571428571427,217.0,252.0,396.85714285714283,10,276,217.0
2020-10-03,15.5,0.0,217.0,0.0,0.0,0.0,16.600000000000005,16.32857142857143,209.0,233.0,279.57142857142856,10,277,212.0
2020-10-04,13.5,0.0,212.0,0.0,0.0,0.0,15.566666666666668,16.400000000000002,217.0,217.0,234.42857142857142,10,278,188.0
2020-10-05,15.7,0.0,188.0,0.0,0.0,0.0,14.9,16.585714285714285,212.0,209.0,223.57142857142858,10,279,269.0
2020-10-06,15.3,0.0,269.0,0.0,0.0,0.0,14.833333333333336,16.114285714285717,188.0,217.0,218.28571428571428,10,280,263.0
2020-10-07,16.2,0.0,263.0,0.0,0.0,0.0,15.733333333333334,15.785714285714286,269.0,212.0,220.71428571428572,10,281,259.0
2020-10-08,14.9,0.3,259.0,0.0,0.3,0.3000000000000142,15.466666666666669,15.542857142857143,263.0,188.0,225.0,10,282,568.0
2020-10-09,14.1,60.1,568.0,0.3,60.4,60.40000000000001,15.066666666666668,15.028571428571427,259.0,269.0,231.0,10,283,1090.0
2020-10-10,11.9,35.7,1090.0,60.1,96.1,96.10000000000002,13.633333333333335,14.514285714285714,568.0,263.0,282.2857142857143,10,284,423.0
2020-10-11,7.4,18.1,423.0,35.7,113.9,114.20000000000002,11.133333333333335,13.642857142857142,1090.0,259.0,407.0,10,285,320.0
2020-10-12,8.0,0.0,320.0,18.1,53.800000000000004,114.20000000000002,9.100000000000003,12.542857142857144,423.0,568.0,437.14285714285717,10,286,307.0
2020-10-13,8.2,38.0,307.0,0.0,56.1,152.20000000000002,7.86666666666667,11.528571428571427,320.0,1090.0,456.0,10,287,324.0
2020-10-14,8.9,0.0,324.0,38.0,38.0,152.20000000000002,8.366666666666669,10.485714285714286,307.0,423.0,461.42857142857144,10,288,222.0
2020-10-15,7.2,0.5,222.0,0.0,38.5,152.4,8.100000000000003,9.385714285714286,324.0,320.0,470.14285714285717,10,289,323.0
2020-10-16,10.1,14.7,323.0,0.5,15.2,107.00000000000001,8.733333333333336,8.814285714285715,222.0,307.0,464.85714285714283,10,290,344.0
2020-10-17,10.4,0.0,344.0,14.7,15.2,71.30000000000001,9.233333333333336,8.6,323.0,324.0,429.85714285714283,10,291,235.0
2020-10-18,8.9,8.7,235.0,0.0,23.4,61.90000000000001,9.800000000000002,8.814285714285713,344.0,222.0,323.2857142857143,10,292,248.0
2020-10-19,10.6,0.7,248.0,8.7,9.399999999999999,62.600000000000016,9.966666666666669,9.185714285714285,235.0,323.0,296.42857142857144,10,293,202.0
2020-10-20,8.9,0.1,202.0,0.7,9.5,24.700000000000014,9.46666666666667,9.285714285714286,248.0,344.0,286.14285714285717,10,294,158.0
2020-10-21,9.3,0.0,158.0,0.1,0.7999999999999999,24.700000000000014,9.600000000000003,9.342857142857143,202.0,235.0,271.14285714285717,10,295,129.0
2020-10-22,6.0,0.0,129.0,0.0,0.1,24.200000000000014,8.06666666666667,9.171428571428573,158.0,248.0,247.42857142857142,10,296,94.9
2020-10-23,4.6,12.6,94.9,0.0,12.6,22.100000000000016,6.6333333333333355,8.385714285714286,129.0,202.0,234.14285714285714,10,297,79.5
2020-10-24,5.6,0.0,79.5,12.6,12.6,22.100000000000016,5.400000000000002,7.7,94.9,158.0,201.55714285714288,10,298,68.5
2020-10-25,2.7,0.0,68.5,0.0,12.6,13.400000000000015,4.300000000000002,6.814285714285715,79.5,129.0,163.77142857142857,10,299,84.2
2020-10-26,3.6,0.3,84.2,0.0,0.3,13.000000000000016,3.966666666666669,5.814285714285714,68.5,94.9,139.9857142857143,10,300,86.8
2020-10-27,2.1,8.8,86.8,0.3,9.100000000000001,21.700000000000017,2.8000000000000025,4.8428571428571425,84.2,79.5,116.58571428571429,10,301,245.0
2020-10-28,6.9,9.7,245.0,8.8,18.8,31.400000000000013,4.200000000000003,4.5,86.8,68.5,100.12857142857142,10,302,398.0
2020-10-29,10.5,1.3,398.0,9.7,19.8,32.70000000000002,6.500000000000003,5.142857142857143,245.0,84.2,112.55714285714285,10,303,456.0
2020-10-30,8.6,23.2,456.0,1.3,34.2,43.30000000000001,8.66666666666667,5.714285714285714,398.0,86.8,150.9857142857143,10,304,280.0
2020-10-31,6.2,0.0,280.0,23.2,24.5,43.30000000000001,8.433333333333335,5.8,456.0,245.0,202.57142857142858,10,305,179.0
2020-11-01,8.0,0.0,179.0,0.0,23.2,43.30000000000001,7.600000000000002,6.557142857142858,280.0,398.0,231.21428571428572,11,306,159.0
2020-11-02,6.3,0.0,159.0,0.0,0.0,43.000000000000014,6.833333333333336,6.942857142857143,179.0,456.0,247.0,11,307,268.0
2020-11-03,7.3,54.1,268.0,0.0,54.1,88.30000000000001,7.200000000000003,7.685714285714285,159.0,280.0,257.68571428571425,11,308,806.0
2020-11-04,10.9,90.8,806.0,54.1,144.9,169.4,8.16666666666667,8.257142857142856,268.0,179.0,283.57142857142856,11,309,876.0
2020-11-05,9.1,4.0,876.0,90.8,148.89999999999998,172.10000000000002,9.100000000000003,8.057142857142857,806.0,159.0,363.7142857142857,11,310,347.0
2020-11-06,5.6,0.0,347.0,4.0,94.8,148.9,8.533333333333337,7.628571428571428,876.0,268.0,432.0,11,311,244.0
2020-11-07,3.7,0.0,244.0,0.0,3.999999999999986,148.9,6.133333333333336,7.271428571428572,347.0,806.0,416.42857142857144,11,312,164.0
2020-11-08,4.2,1.0,164.0,0.0,0.9999999999999858,149.9,4.500000000000003,6.728571428571429,244.0,876.0,411.2857142857143,11,313,124.0
2020-11-09,0.4,5.2,124.0,1.0,6.199999999999986,155.1,2.7666666666666697,5.885714285714285,164.0,347.0,409.14285714285717,11,314,102.0
2020-11-10,2.0,1.4,102.0,5.2,7.599999999999985,102.4,2.200000000000003,5.128571428571428,124.0,244.0,404.14285714285717,11,315,82.4
2020-11-11,1.3,0.0,82.4,1.4,6.599999999999985,11.600000000000014,1.2333333333333363,3.757142857142857,102.0,164.0,380.42857142857144,11,316,92.6
2020-11-12,1.4,20.5,92.6,0.0,21.899999999999984,28.100000000000016,1.5666666666666698,2.6571428571428575,82.4,124.0,277.0571428571429,11,317,102.0
2020-11-13,1.1,23.4,102.0,20.5,43.899999999999984,51.500000000000014,1.2666666666666695,2.0142857142857142,92.6,102.0,165.14285714285714,11,318,113.0
2020-11-14,1.6,2.9,113.0,23.4,46.79999999999998,54.40000000000001,1.3666666666666698,1.7142857142857142,102.0,82.4,130.14285714285714,11,319,108.0
2020-11-15,4.5,21.4,108.0,2.9,47.69999999999998,74.80000000000001,2.400000000000003,1.7571428571428573,113.0,92.6,111.42857142857143,11,320,94.6
2020-11-16,3.3,8.6,94.6,21.4,32.899999999999984,78.2,3.1333333333333364,2.1714285714285713,108.0,102.0,103.42857142857143,11,321,159.0
2020-11-17,6.4,5.0,159.0,8.6,34.999999999999986,81.80000000000001,4.733333333333337,2.8000000000000003,94.6,113.0,99.22857142857143,11,322,308.0
2020-11-18,6.5,2.0,308.0,5.0,15.599999999999985,83.80000000000001,5.400000000000003,3.5428571428571423,159.0,108.0,107.37142857142858,11,323,208.0
2020-11-19,5.6,4.0,208.0,2.0,10.999999999999986,67.30000000000001,6.166666666666669,4.142857142857143,308.0,94.6,139.6,11,324,157.0
2020-11-20,5.9,2.9,157.0,4.0,8.899999999999986,46.80000000000001,6.0000000000000036,4.828571428571428,208.0,159.0,156.08571428571426,11,325,134.0
2020-11-21,3.6,4.6,134.0,2.9,11.499999999999986,48.500000000000014,5.033333333333337,5.114285714285714,157.0,308.0,163.94285714285712,11,326,98.5
2020-11-22,2.2,2.3,98.5,4.6,9.799999999999986,29.400000000000013,3.9000000000000035,4.785714285714286,134.0,208.0,166.94285714285712,11,327,99.7
2020-11-23,4.2,2.6,99.7,2.3,9.499999999999986,23.400000000000013,3.333333333333337,4.914285714285714,98.5,157.0,165.58571428571426,11,328,113.0
2020-11-24,4.6,2.8,113.0,2.6,7.699999999999985,21.200000000000014,3.66666666666667,4.6571428571428575,99.7,134.0,166.31428571428572,11,329,111.0
2020-11-25,4.7,5.3,111.0,2.8,10.699999999999985,24.500000000000014,4.500000000000003,4.4,113.0,98.5,159.74285714285716,11,330,84.2
2020-11-26,5.75,21.25,84.2,5.3,29.349999999999987,41.750000000000014,5.01666666666667,4.421428571428572,111.0,99.7,131.6,11,331,99.7
2020-11-27,6.8,37.2,99.7,21.25,63.749999999999986,76.05000000000001,5.7500000000000036,4.55,84.2,113.0,113.91428571428571,11,332,145.0
2020-11-28,5.2,2.2,145.0,37.2,60.64999999999999,73.65,5.9166666666666705,4.778571428571429,99.7,111.0,105.72857142857143,11,333,97.5
2020-11-29,1.2,4.1,97.5,2.2,43.499999999999986,75.45000000000002,4.400000000000003,4.635714285714286,145.0,84.2,107.3,11,334,97.3
2020-11-30,5.3,15.1,97.3,4.1,21.399999999999984,87.95000000000002,3.9000000000000035,4.792857142857143,97.5,99.7,107.15714285714286,11,335,99.3
2020-12-01,2.3,0.0,99.3,15.1,19.199999999999985,85.15000000000002,2.9333333333333367,4.464285714285714,97.3,145.0,106.8142857142857,12,336,94.2
2020-12-02,4.7,0.0,94.2,0.0,15.099999999999984,79.85000000000001,4.100000000000003,4.464285714285714,99.3,97.5,104.85714285714286,12,337,72.4
2020-12-03,2.3,0.1,72.4,0.0,0.0999999999999858,58.70000000000002,3.100000000000003,3.9714285714285715,94.2,97.3,102.45714285714284,12,338,66.1
2020-12-04,6.3,0.0,66.1,0.1,0.0999999999999858,21.500000000000014,4.433333333333336,3.9,72.4,99.3,100.77142857142859,12,339,64.0
2020-12-05,4.1,0.0,64.0,0.0,0.0999999999999858,19.300000000000015,4.233333333333336,3.742857142857143,66.1,94.2,95.97142857142856,12,340,61.4
2020-12-06,4.7,0.5,61.4,0.0,0.4999999999999858,15.700000000000012,5.033333333333336,4.242857142857143,64.0,72.4,84.39999999999999,12,341,106.0
2020-12-07,7.1,39.9,106.0,0.5,40.399999999999984,40.500000000000014,5.300000000000003,4.5,61.4,66.1,79.24285714285715,12,342,359.0
2020-12-08,5.1,30.2,359.0,39.9,70.59999999999998,70.70000000000002,5.633333333333336,4.8999999999999995,106.0,64.0,80.48571428571428,12,343,240.0
2020-12-09,4.4,0.9,240.0,30.2,70.99999999999999,71.60000000000001,5.533333333333336,4.857142857142857,359.0,61.4,117.58571428571429,12,344,164.0
2020-12-10,3.3,0.0,164.0,0.9,31.099999999999984,71.50000000000001,4.26666666666667,5.0,240.0,106.0,138.4142857142857,12,345,126.0
2020-12-11,2.7,2.0,126.0,0.0,2.8999999999999857,73.50000000000001,3.46666666666667,4.485714285714286,164.0,359.0,151.5,12,346,86.2
2020-12-12,0.8,0.2,86.2,2.0,2.199999999999986,73.70000000000002,2.2666666666666697,4.014285714285714,126.0,240.0,160.05714285714288,12,347,71.8
2020-12-13,0.3,5.0,71.8,0.2,7.199999999999986,78.20000000000002,1.26666666666667,3.3857142857142857,86.2,164.0,163.22857142857143,12,348,83.3
2020-12-14,1.7,1.1,83.3,5.0,6.2999999999999865,39.40000000000001,0.9333333333333366,2.6142857142857143,71.8,126.0,164.71428571428572,12,349,88.8
2020-12-15,4.6,27.7,88.8,1.1,33.79999999999998,36.90000000000001,2.2000000000000033,2.542857142857143,83.3,86.2,161.47142857142856,12,350,95.8
2020-12-16,5.3,17.2,95.8,27.7,45.999999999999986,53.20000000000002,3.8666666666666694,2.6714285714285713,88.8,71.8,122.87142857142858,12,351,113.0
2020-12-17,4.6,4.3,113.0,17.2,49.19999999999998,57.500000000000014,4.833333333333336,2.857142857142857,95.8,83.3,102.27142857142857,12,352,126.0
2020-12-18,4.9,45.9,126.0,4.3,67.39999999999998,101.4,4.933333333333337,3.1714285714285713,113.0,88.8,94.98571428571428,12,353,144.0
2020-12-19,3.5,26.9,144.0,45.9,77.09999999999998,128.10000000000002,4.333333333333337,3.557142857142857,126.0,95.8,94.98571428571428,12,354,135.0
2020-12-20,4.8,4.8,135.0,26.9,77.59999999999998,127.9,4.400000000000003,4.2,144.0,113.0,103.24285714285713,12,355,120.0
2020-12-21,3.3,7.7,120.0,4.8,39.399999999999984,134.5,3.8666666666666694,4.428571428571429,135.0,126.0,112.27142857142857,12,356,105.0
2020-12-22,0.7,0.3,105.0,7.7,12.799999999999986,107.10000000000001,2.9333333333333367,3.8714285714285714,120.0,144.0,117.51428571428572,12,357,88.3
2020-12-23,-0.6,0.0,88.3,0.3,7.999999999999986,89.9,1.1333333333333366,3.0285714285714285,105.0,135.0,119.82857142857142,12,358,71.6
2020-12-24,-1.4,0.0,71.6,0.0,0.2999999999999858,85.60000000000001,-0.43333333333333,2.1714285714285717,88.3,120.0,118.75714285714285,12,359,69.1
2020-12-25,0.3,16.9,69.1,0.0,16.899999999999984,56.60000000000001,-0.5666666666666633,1.5142857142857142,71.6,105.0,112.84285714285714,12,360,63.9
2020-12-26,3.8,31.9,63.9,16.9,48.79999999999998,61.60000000000001,0.9000000000000034,1.557142857142857,69.1,88.3,104.71428571428571,12,361,68.4
2020-12-27,3.4,3.3,68.4,31.9,52.09999999999998,60.100000000000016,2.5000000000000036,1.3571428571428572,63.9,71.6,93.27142857142857,12,362,59.6
2020-12-28,2.6,2.2,59.6,3.3,37.399999999999984,54.60000000000001,3.2666666666666697,1.2571428571428573,68.4,69.1,83.75714285714285,12,363,52.7
2020-12-29,0.0,3.6,52.7,2.2,9.099999999999985,57.90000000000001,2.0000000000000036,1.1571428571428573,59.6,63.9,75.12857142857142,12,364,60.1
2020-12-30,0.5,29.5,60.1,3.6,35.29999999999998,87.40000000000002,1.0333333333333368,1.3142857142857143,52.7,68.4,67.65714285714286,12,365,96.9
